"url","avg_rating"
"http://qua-kit.ethz.ch/mooc/proposals/view/302",0.848726064365285
"http://qua-kit.ethz.ch/mooc/proposals/view/384",0.838617063368743
"http://qua-kit.ethz.ch/mooc/proposals/view/1111",0.832307103508348
"http://qua-kit.ethz.ch/mooc/proposals/view/273",0.823457365716106
"http://qua-kit.ethz.ch/mooc/proposals/view/143",0.807278657280555
"http://qua-kit.ethz.ch/mooc/proposals/view/618",0.805167687830831
"http://qua-kit.ethz.ch/mooc/proposals/view/259",0.801048925995924
"http://qua-kit.ethz.ch/mooc/proposals/view/556",0.791468493231034
"http://qua-kit.ethz.ch/mooc/proposals/view/94",0.789289814013672
"http://qua-kit.ethz.ch/mooc/proposals/view/903",0.787871721220232
"http://qua-kit.ethz.ch/mooc/proposals/view/866",0.772154119227357
"http://qua-kit.ethz.ch/mooc/proposals/view/78",0.761051328882362
"http://qua-kit.ethz.ch/mooc/proposals/view/636",0.759004111492933
"http://qua-kit.ethz.ch/mooc/proposals/view/442",0.755574927308842
"http://qua-kit.ethz.ch/mooc/proposals/view/300",0.750885565576631
"http://qua-kit.ethz.ch/mooc/proposals/view/746",0.750012341149433
"http://qua-kit.ethz.ch/mooc/proposals/view/885",0.74860121890147
"http://qua-kit.ethz.ch/mooc/proposals/view/940",0.744478159238022
"http://qua-kit.ethz.ch/mooc/proposals/view/749",0.741487043672496
"http://qua-kit.ethz.ch/mooc/proposals/view/632",0.740816801683761
"http://qua-kit.ethz.ch/mooc/proposals/view/483",0.735476560019414
"http://qua-kit.ethz.ch/mooc/proposals/view/181",0.730856034132837
"http://qua-kit.ethz.ch/mooc/proposals/view/783",0.729237308116271
"http://qua-kit.ethz.ch/mooc/proposals/view/29",0.728478206657737
"http://qua-kit.ethz.ch/mooc/proposals/view/472",0.727751235901841
"http://qua-kit.ethz.ch/mooc/proposals/view/261",0.727271238475531
"http://qua-kit.ethz.ch/mooc/proposals/view/122",0.72507335307441
"http://qua-kit.ethz.ch/mooc/proposals/view/639",0.724526925781479
"http://qua-kit.ethz.ch/mooc/proposals/view/932",0.723506637553732
"http://qua-kit.ethz.ch/mooc/proposals/view/212",0.720800404432083
"http://qua-kit.ethz.ch/mooc/proposals/view/1015",0.716796200665353
"http://qua-kit.ethz.ch/mooc/proposals/view/805",0.71666643484678
"http://qua-kit.ethz.ch/mooc/proposals/view/385",0.713861968578414
"http://qua-kit.ethz.ch/mooc/proposals/view/376",0.710390464820299
"http://qua-kit.ethz.ch/mooc/proposals/view/87",0.709258757504412
"http://qua-kit.ethz.ch/mooc/proposals/view/670",0.707265854681027
"http://qua-kit.ethz.ch/mooc/proposals/view/502",0.706379215556078
"http://qua-kit.ethz.ch/mooc/proposals/view/14",0.700285293524577
"http://qua-kit.ethz.ch/mooc/proposals/view/178",0.697467474589294
"http://qua-kit.ethz.ch/mooc/proposals/view/984",0.696625594996624
"http://qua-kit.ethz.ch/mooc/proposals/view/808",0.695398047570234
"http://qua-kit.ethz.ch/mooc/proposals/view/257",0.695336849585156
"http://qua-kit.ethz.ch/mooc/proposals/view/737",0.692722408940066
"http://qua-kit.ethz.ch/mooc/proposals/view/344",0.692139409584236
"http://qua-kit.ethz.ch/mooc/proposals/view/305",0.6908166382911
"http://qua-kit.ethz.ch/mooc/proposals/view/165",0.690344518836355
"http://qua-kit.ethz.ch/mooc/proposals/view/193",0.688882675643315
"http://qua-kit.ethz.ch/mooc/proposals/view/315",0.686263187991224
"http://qua-kit.ethz.ch/mooc/proposals/view/602",0.684566271154498
"http://qua-kit.ethz.ch/mooc/proposals/view/615",0.680479228927553
"http://qua-kit.ethz.ch/mooc/proposals/view/649",0.680477814373924
"http://qua-kit.ethz.ch/mooc/proposals/view/1196",0.678589427853036
"http://qua-kit.ethz.ch/mooc/proposals/view/890",0.676223939577327
"http://qua-kit.ethz.ch/mooc/proposals/view/533",0.676145213512609
"http://qua-kit.ethz.ch/mooc/proposals/view/564",0.672368962822676
"http://qua-kit.ethz.ch/mooc/proposals/view/983",0.667699740016075
"http://qua-kit.ethz.ch/mooc/proposals/view/271",0.666738372189919
"http://qua-kit.ethz.ch/mooc/proposals/view/610",0.661373489813748
"http://qua-kit.ethz.ch/mooc/proposals/view/723",0.659477631084085
"http://qua-kit.ethz.ch/mooc/proposals/view/128",0.656972318992072
"http://qua-kit.ethz.ch/mooc/proposals/view/797",0.65688235648066
"http://qua-kit.ethz.ch/mooc/proposals/view/136",0.649872847874561
"http://qua-kit.ethz.ch/mooc/proposals/view/326",0.648584512154073
"http://qua-kit.ethz.ch/mooc/proposals/view/1",0.647684914785374
"http://qua-kit.ethz.ch/mooc/proposals/view/1062",0.638872873176825
"http://qua-kit.ethz.ch/mooc/proposals/view/263",0.638166905395731
"http://qua-kit.ethz.ch/mooc/proposals/view/995",0.638000276043922
"http://qua-kit.ethz.ch/mooc/proposals/view/153",0.637126626606728
"http://qua-kit.ethz.ch/mooc/proposals/view/477",0.636132138821891
"http://qua-kit.ethz.ch/mooc/proposals/view/299",0.633823936350285
"http://qua-kit.ethz.ch/mooc/proposals/view/1080",0.632538287003696
"http://qua-kit.ethz.ch/mooc/proposals/view/1070",0.632349520724788
"http://qua-kit.ethz.ch/mooc/proposals/view/1036",0.625647991008597
"http://qua-kit.ethz.ch/mooc/proposals/view/150",0.624618182725284
"http://qua-kit.ethz.ch/mooc/proposals/view/898",0.624577965681843
"http://qua-kit.ethz.ch/mooc/proposals/view/173",0.622626487730418
"http://qua-kit.ethz.ch/mooc/proposals/view/387",0.6216189355559
"http://qua-kit.ethz.ch/mooc/proposals/view/912",0.621514021202993
"http://qua-kit.ethz.ch/mooc/proposals/view/295",0.620927846155735
"http://qua-kit.ethz.ch/mooc/proposals/view/600",0.620708239080018
"http://qua-kit.ethz.ch/mooc/proposals/view/1204",0.620345037587187
"http://qua-kit.ethz.ch/mooc/proposals/view/868",0.619704105802165
"http://qua-kit.ethz.ch/mooc/proposals/view/1130",0.617785800162028
"http://qua-kit.ethz.ch/mooc/proposals/view/572",0.617770680920187
"http://qua-kit.ethz.ch/mooc/proposals/view/1106",0.615115391457422
"http://qua-kit.ethz.ch/mooc/proposals/view/473",0.614969641646695
"http://qua-kit.ethz.ch/mooc/proposals/view/99",0.613992049916536
"http://qua-kit.ethz.ch/mooc/proposals/view/586",0.612718303924592
"http://qua-kit.ethz.ch/mooc/proposals/view/1193",0.612279099444979
"http://qua-kit.ethz.ch/mooc/proposals/view/1000",0.612051911530384
"http://qua-kit.ethz.ch/mooc/proposals/view/503",0.610308563374242
"http://qua-kit.ethz.ch/mooc/proposals/view/320",0.60723990308748
"http://qua-kit.ethz.ch/mooc/proposals/view/641",0.606341323300314
"http://qua-kit.ethz.ch/mooc/proposals/view/1205",0.605360718219036
"http://qua-kit.ethz.ch/mooc/proposals/view/601",0.605321526887149
"http://qua-kit.ethz.ch/mooc/proposals/view/1056",0.602920386684775
"http://qua-kit.ethz.ch/mooc/proposals/view/697",0.600467078079679
"http://qua-kit.ethz.ch/mooc/proposals/view/946",0.59830582939307
"http://qua-kit.ethz.ch/mooc/proposals/view/784",0.598114293349318
"http://qua-kit.ethz.ch/mooc/proposals/view/475",0.597423648840041
"http://qua-kit.ethz.ch/mooc/proposals/view/1195",0.59647914553226
"http://qua-kit.ethz.ch/mooc/proposals/view/301",0.596434493019954
"http://qua-kit.ethz.ch/mooc/proposals/view/31",0.595231896825074
"http://qua-kit.ethz.ch/mooc/proposals/view/72",0.59507533412986
"http://qua-kit.ethz.ch/mooc/proposals/view/865",0.594938306034823
"http://qua-kit.ethz.ch/mooc/proposals/view/942",0.594041756661157
"http://qua-kit.ethz.ch/mooc/proposals/view/1147",0.593848480446977
"http://qua-kit.ethz.ch/mooc/proposals/view/1011",0.593389020625042
"http://qua-kit.ethz.ch/mooc/proposals/view/216",0.593359790531189
"http://qua-kit.ethz.ch/mooc/proposals/view/965",0.593195097688645
"http://qua-kit.ethz.ch/mooc/proposals/view/870",0.592338814454141
"http://qua-kit.ethz.ch/mooc/proposals/view/916",0.59102127513679
"http://qua-kit.ethz.ch/mooc/proposals/view/671",0.590065813755604
"http://qua-kit.ethz.ch/mooc/proposals/view/1202",0.58696575759702
"http://qua-kit.ethz.ch/mooc/proposals/view/611",0.586709243043852
"http://qua-kit.ethz.ch/mooc/proposals/view/937",0.584348891223473
"http://qua-kit.ethz.ch/mooc/proposals/view/356",0.583879525050345
"http://qua-kit.ethz.ch/mooc/proposals/view/43",0.583861456343505
"http://qua-kit.ethz.ch/mooc/proposals/view/896",0.583750727197695
"http://qua-kit.ethz.ch/mooc/proposals/view/1024",0.58175708617412
"http://qua-kit.ethz.ch/mooc/proposals/view/328",0.579100358742472
"http://qua-kit.ethz.ch/mooc/proposals/view/862",0.578372305060037
"http://qua-kit.ethz.ch/mooc/proposals/view/251",0.577303468459775
"http://qua-kit.ethz.ch/mooc/proposals/view/45",0.576983153790255
"http://qua-kit.ethz.ch/mooc/proposals/view/1203",0.574062153634505
"http://qua-kit.ethz.ch/mooc/proposals/view/596",0.569936482682092
"http://qua-kit.ethz.ch/mooc/proposals/view/646",0.568597922461448
"http://qua-kit.ethz.ch/mooc/proposals/view/215",0.56853733281448
"http://qua-kit.ethz.ch/mooc/proposals/view/980",0.567414069536087
"http://qua-kit.ethz.ch/mooc/proposals/view/1201",0.56724177801014
"http://qua-kit.ethz.ch/mooc/proposals/view/373",0.566215173239056
"http://qua-kit.ethz.ch/mooc/proposals/view/130",0.564485789893225
"http://qua-kit.ethz.ch/mooc/proposals/view/377",0.56365445846156
"http://qua-kit.ethz.ch/mooc/proposals/view/597",0.562918244383934
"http://qua-kit.ethz.ch/mooc/proposals/view/1047",0.562772637788406
"http://qua-kit.ethz.ch/mooc/proposals/view/498",0.561456138931063
"http://qua-kit.ethz.ch/mooc/proposals/view/1027",0.559166272029176
"http://qua-kit.ethz.ch/mooc/proposals/view/650",0.558898318744176
"http://qua-kit.ethz.ch/mooc/proposals/view/981",0.557629218143819
"http://qua-kit.ethz.ch/mooc/proposals/view/459",0.554944535987629
"http://qua-kit.ethz.ch/mooc/proposals/view/126",0.554885919196244
"http://qua-kit.ethz.ch/mooc/proposals/view/208",0.553406657521505
"http://qua-kit.ethz.ch/mooc/proposals/view/847",0.551021131729961
"http://qua-kit.ethz.ch/mooc/proposals/view/640",0.550482860432247
"http://qua-kit.ethz.ch/mooc/proposals/view/1099",0.5498659112844
"http://qua-kit.ethz.ch/mooc/proposals/view/1086",0.548617095492014
"http://qua-kit.ethz.ch/mooc/proposals/view/1180",0.547585742181919
"http://qua-kit.ethz.ch/mooc/proposals/view/820",0.545618108668285
"http://qua-kit.ethz.ch/mooc/proposals/view/338",0.544182185711004
"http://qua-kit.ethz.ch/mooc/proposals/view/769",0.543835972454816
"http://qua-kit.ethz.ch/mooc/proposals/view/826",0.543685786815535
"http://qua-kit.ethz.ch/mooc/proposals/view/747",0.542127108607505
"http://qua-kit.ethz.ch/mooc/proposals/view/1091",0.541866764737488
"http://qua-kit.ethz.ch/mooc/proposals/view/964",0.540250434270478
"http://qua-kit.ethz.ch/mooc/proposals/view/389",0.540037240212739
"http://qua-kit.ethz.ch/mooc/proposals/view/270",0.539870505425039
"http://qua-kit.ethz.ch/mooc/proposals/view/425",0.539857405049711
"http://qua-kit.ethz.ch/mooc/proposals/view/347",0.537843963599934
"http://qua-kit.ethz.ch/mooc/proposals/view/1171",0.53773086215189
"http://qua-kit.ethz.ch/mooc/proposals/view/242",0.536525742197217
"http://qua-kit.ethz.ch/mooc/proposals/view/588",0.535617312166198
"http://qua-kit.ethz.ch/mooc/proposals/view/734",0.531791023245373
"http://qua-kit.ethz.ch/mooc/proposals/view/1092",0.531757589787579
"http://qua-kit.ethz.ch/mooc/proposals/view/352",0.531535965568601
"http://qua-kit.ethz.ch/mooc/proposals/view/1104",0.531304292696608
"http://qua-kit.ethz.ch/mooc/proposals/view/986",0.531127938029214
"http://qua-kit.ethz.ch/mooc/proposals/view/735",0.530892857452109
"http://qua-kit.ethz.ch/mooc/proposals/view/380",0.529348451481686
"http://qua-kit.ethz.ch/mooc/proposals/view/988",0.528149796178087
"http://qua-kit.ethz.ch/mooc/proposals/view/994",0.527447899389395
"http://qua-kit.ethz.ch/mooc/proposals/view/1030",0.523441109692931
"http://qua-kit.ethz.ch/mooc/proposals/view/593",0.52094727594101
"http://qua-kit.ethz.ch/mooc/proposals/view/576",0.520015364266513
"http://qua-kit.ethz.ch/mooc/proposals/view/591",0.519770718424072
"http://qua-kit.ethz.ch/mooc/proposals/view/1018",0.519277448816041
"http://qua-kit.ethz.ch/mooc/proposals/view/1010",0.519151496145625
"http://qua-kit.ethz.ch/mooc/proposals/view/368",0.518853438800322
"http://qua-kit.ethz.ch/mooc/proposals/view/116",0.518065944163602
"http://qua-kit.ethz.ch/mooc/proposals/view/386",0.517122787645504
"http://qua-kit.ethz.ch/mooc/proposals/view/764",0.516843868994483
"http://qua-kit.ethz.ch/mooc/proposals/view/474",0.515159215418627
"http://qua-kit.ethz.ch/mooc/proposals/view/287",0.51446747826102
"http://qua-kit.ethz.ch/mooc/proposals/view/314",0.514116806122756
"http://qua-kit.ethz.ch/mooc/proposals/view/819",0.511559806516492
"http://qua-kit.ethz.ch/mooc/proposals/view/744",0.510597377512895
"http://qua-kit.ethz.ch/mooc/proposals/view/963",0.510052912359118
"http://qua-kit.ethz.ch/mooc/proposals/view/1002",0.509910949556835
"http://qua-kit.ethz.ch/mooc/proposals/view/1051",0.509889401578119
"http://qua-kit.ethz.ch/mooc/proposals/view/796",0.509777359083861
"http://qua-kit.ethz.ch/mooc/proposals/view/1029",0.509230493195395
"http://qua-kit.ethz.ch/mooc/proposals/view/262",0.508214484712356
"http://qua-kit.ethz.ch/mooc/proposals/view/538",0.507941270438848
"http://qua-kit.ethz.ch/mooc/proposals/view/1103",0.507495686531566
"http://qua-kit.ethz.ch/mooc/proposals/view/1198",0.506301750550845
"http://qua-kit.ethz.ch/mooc/proposals/view/763",0.506059189094468
"http://qua-kit.ethz.ch/mooc/proposals/view/855",0.505330615567467
"http://qua-kit.ethz.ch/mooc/proposals/view/264",0.503506161427479
"http://qua-kit.ethz.ch/mooc/proposals/view/917",0.50247887169917
"http://qua-kit.ethz.ch/mooc/proposals/view/923",0.502400503287758
"http://qua-kit.ethz.ch/mooc/proposals/view/217",0.501629816360827
"http://qua-kit.ethz.ch/mooc/proposals/view/1045",0.50093612655276
"http://qua-kit.ethz.ch/mooc/proposals/view/817",0.497876188757288
"http://qua-kit.ethz.ch/mooc/proposals/view/702",0.497473698410068
"http://qua-kit.ethz.ch/mooc/proposals/view/26",0.496245442995306
"http://qua-kit.ethz.ch/mooc/proposals/view/48",0.495714928541525
"http://qua-kit.ethz.ch/mooc/proposals/view/634",0.495212686406738
"http://qua-kit.ethz.ch/mooc/proposals/view/892",0.494954261545316
"http://qua-kit.ethz.ch/mooc/proposals/view/64",0.494593946754915
"http://qua-kit.ethz.ch/mooc/proposals/view/869",0.494388442150786
"http://qua-kit.ethz.ch/mooc/proposals/view/616",0.49368700552474
"http://qua-kit.ethz.ch/mooc/proposals/view/333",0.492875141533783
"http://qua-kit.ethz.ch/mooc/proposals/view/595",0.492454109548834
"http://qua-kit.ethz.ch/mooc/proposals/view/90",0.490663029260714
"http://qua-kit.ethz.ch/mooc/proposals/view/353",0.489817335403035
"http://qua-kit.ethz.ch/mooc/proposals/view/884",0.489381454706776
"http://qua-kit.ethz.ch/mooc/proposals/view/214",0.488183961433836
"http://qua-kit.ethz.ch/mooc/proposals/view/1066",0.487671888937695
"http://qua-kit.ethz.ch/mooc/proposals/view/422",0.487574388183743
"http://qua-kit.ethz.ch/mooc/proposals/view/497",0.487455294470582
"http://qua-kit.ethz.ch/mooc/proposals/view/1041",0.487417442135927
"http://qua-kit.ethz.ch/mooc/proposals/view/480",0.486797252198023
"http://qua-kit.ethz.ch/mooc/proposals/view/276",0.486664798246641
"http://qua-kit.ethz.ch/mooc/proposals/view/323",0.485958479509708
"http://qua-kit.ethz.ch/mooc/proposals/view/1163",0.485268852069421
"http://qua-kit.ethz.ch/mooc/proposals/view/626",0.485202770800695
"http://qua-kit.ethz.ch/mooc/proposals/view/1020",0.484258507904158
"http://qua-kit.ethz.ch/mooc/proposals/view/908",0.480709394892081
"http://qua-kit.ethz.ch/mooc/proposals/view/127",0.479460774951902
"http://qua-kit.ethz.ch/mooc/proposals/view/785",0.479081934197157
"http://qua-kit.ethz.ch/mooc/proposals/view/619",0.476410537267451
"http://qua-kit.ethz.ch/mooc/proposals/view/256",0.475265291052948
"http://qua-kit.ethz.ch/mooc/proposals/view/633",0.473179174985038
"http://qua-kit.ethz.ch/mooc/proposals/view/775",0.472493788370423
"http://qua-kit.ethz.ch/mooc/proposals/view/1157",0.470654184664454
"http://qua-kit.ethz.ch/mooc/proposals/view/1149",0.469903046978621
"http://qua-kit.ethz.ch/mooc/proposals/view/329",0.468627207253788
"http://qua-kit.ethz.ch/mooc/proposals/view/342",0.467360775142602
"http://qua-kit.ethz.ch/mooc/proposals/view/221",0.466061841088083
"http://qua-kit.ethz.ch/mooc/proposals/view/899",0.46593802625236
"http://qua-kit.ethz.ch/mooc/proposals/view/499",0.464939391833451
"http://qua-kit.ethz.ch/mooc/proposals/view/660",0.464872905366731
"http://qua-kit.ethz.ch/mooc/proposals/view/310",0.4642448644324
"http://qua-kit.ethz.ch/mooc/proposals/view/374",0.464121632647915
"http://qua-kit.ethz.ch/mooc/proposals/view/180",0.46049498855577
"http://qua-kit.ethz.ch/mooc/proposals/view/971",0.460069484643026
"http://qua-kit.ethz.ch/mooc/proposals/view/1116",0.459551444311632
"http://qua-kit.ethz.ch/mooc/proposals/view/1164",0.459226088158607
"http://qua-kit.ethz.ch/mooc/proposals/view/57",0.458250106648749
"http://qua-kit.ethz.ch/mooc/proposals/view/1021",0.454935510476282
"http://qua-kit.ethz.ch/mooc/proposals/view/247",0.450822527915733
"http://qua-kit.ethz.ch/mooc/proposals/view/542",0.444032245297796
"http://qua-kit.ethz.ch/mooc/proposals/view/52",0.44396685311041
"http://qua-kit.ethz.ch/mooc/proposals/view/624",0.44311484275982
"http://qua-kit.ethz.ch/mooc/proposals/view/627",0.442890040621275
"http://qua-kit.ethz.ch/mooc/proposals/view/740",0.442491108495235
"http://qua-kit.ethz.ch/mooc/proposals/view/882",0.442450253894207
"http://qua-kit.ethz.ch/mooc/proposals/view/1182",0.440118904561802
"http://qua-kit.ethz.ch/mooc/proposals/view/1017",0.437668111524794
"http://qua-kit.ethz.ch/mooc/proposals/view/1158",0.437433311844218
"http://qua-kit.ethz.ch/mooc/proposals/view/163",0.433821095043889
"http://qua-kit.ethz.ch/mooc/proposals/view/267",0.432985636796468
"http://qua-kit.ethz.ch/mooc/proposals/view/1131",0.432256710030287
"http://qua-kit.ethz.ch/mooc/proposals/view/362",0.430063620933609
"http://qua-kit.ethz.ch/mooc/proposals/view/313",0.429665188196235
"http://qua-kit.ethz.ch/mooc/proposals/view/811",0.42494448336552
"http://qua-kit.ethz.ch/mooc/proposals/view/82",0.422325615420884
"http://qua-kit.ethz.ch/mooc/proposals/view/365",0.420211073164418
"http://qua-kit.ethz.ch/mooc/proposals/view/836",0.419353675631221
"http://qua-kit.ethz.ch/mooc/proposals/view/390",0.41677097024667
"http://qua-kit.ethz.ch/mooc/proposals/view/508",0.415577685517992
"http://qua-kit.ethz.ch/mooc/proposals/view/664",0.413965360155531
"http://qua-kit.ethz.ch/mooc/proposals/view/794",0.413809075240889
"http://qua-kit.ethz.ch/mooc/proposals/view/81",0.412520026742343
"http://qua-kit.ethz.ch/mooc/proposals/view/628",0.410698153112786
"http://qua-kit.ethz.ch/mooc/proposals/view/1156",0.408705403348762
"http://qua-kit.ethz.ch/mooc/proposals/view/907",0.407782298604225
"http://qua-kit.ethz.ch/mooc/proposals/view/202",0.407689241686207
"http://qua-kit.ethz.ch/mooc/proposals/view/298",0.407576751503453
"http://qua-kit.ethz.ch/mooc/proposals/view/1059",0.40568668271286
"http://qua-kit.ethz.ch/mooc/proposals/view/1095",0.405012371225685
"http://qua-kit.ethz.ch/mooc/proposals/view/359",0.403743368794441
"http://qua-kit.ethz.ch/mooc/proposals/view/324",0.403390041409771
"http://qua-kit.ethz.ch/mooc/proposals/view/507",0.400037945336208
"http://qua-kit.ethz.ch/mooc/proposals/view/857",0.398841664525406
"http://qua-kit.ethz.ch/mooc/proposals/view/1207",0.398711724647679
"http://qua-kit.ethz.ch/mooc/proposals/view/706",0.397518657021586
"http://qua-kit.ethz.ch/mooc/proposals/view/827",0.397040210593134
"http://qua-kit.ethz.ch/mooc/proposals/view/1026",0.394449290536952
"http://qua-kit.ethz.ch/mooc/proposals/view/501",0.39248090555324
"http://qua-kit.ethz.ch/mooc/proposals/view/1034",0.392357352710483
"http://qua-kit.ethz.ch/mooc/proposals/view/768",0.389648276812265
"http://qua-kit.ethz.ch/mooc/proposals/view/710",0.389346279914299
"http://qua-kit.ethz.ch/mooc/proposals/view/545",0.389089585139313
"http://qua-kit.ethz.ch/mooc/proposals/view/192",0.387552891355626
"http://qua-kit.ethz.ch/mooc/proposals/view/701",0.386388135072906
"http://qua-kit.ethz.ch/mooc/proposals/view/970",0.386278048260854
"http://qua-kit.ethz.ch/mooc/proposals/view/742",0.384121970228831
"http://qua-kit.ethz.ch/mooc/proposals/view/476",0.382592649113305
"http://qua-kit.ethz.ch/mooc/proposals/view/782",0.382048997122427
"http://qua-kit.ethz.ch/mooc/proposals/view/222",0.381753566408888
"http://qua-kit.ethz.ch/mooc/proposals/view/307",0.381446275669431
"http://qua-kit.ethz.ch/mooc/proposals/view/897",0.381323000277018
"http://qua-kit.ethz.ch/mooc/proposals/view/402",0.379711725754543
"http://qua-kit.ethz.ch/mooc/proposals/view/1133",0.378611449014594
"http://qua-kit.ethz.ch/mooc/proposals/view/201",0.3781172699109
"http://qua-kit.ethz.ch/mooc/proposals/view/837",0.37706932255513
"http://qua-kit.ethz.ch/mooc/proposals/view/762",0.376716564504319
"http://qua-kit.ethz.ch/mooc/proposals/view/559",0.375817433540278
"http://qua-kit.ethz.ch/mooc/proposals/view/19",0.371550474480486
"http://qua-kit.ethz.ch/mooc/proposals/view/856",0.370068554213225
"http://qua-kit.ethz.ch/mooc/proposals/view/864",0.36948494501473
"http://qua-kit.ethz.ch/mooc/proposals/view/1190",0.369403574406274
"http://qua-kit.ethz.ch/mooc/proposals/view/309",0.369401412523401
"http://qua-kit.ethz.ch/mooc/proposals/view/23",0.368797106745424
"http://qua-kit.ethz.ch/mooc/proposals/view/58",0.368008153551414
"http://qua-kit.ethz.ch/mooc/proposals/view/304",0.367530682407118
"http://qua-kit.ethz.ch/mooc/proposals/view/549",0.366846311868043
"http://qua-kit.ethz.ch/mooc/proposals/view/915",0.366646464856745
"http://qua-kit.ethz.ch/mooc/proposals/view/867",0.365516471066216
"http://qua-kit.ethz.ch/mooc/proposals/view/893",0.364439086882469
"http://qua-kit.ethz.ch/mooc/proposals/view/657",0.364427183257373
"http://qua-kit.ethz.ch/mooc/proposals/view/13",0.363710444700672
"http://qua-kit.ethz.ch/mooc/proposals/view/741",0.362567239750524
"http://qua-kit.ethz.ch/mooc/proposals/view/176",0.360305930699436
"http://qua-kit.ethz.ch/mooc/proposals/view/924",0.359139973320045
"http://qua-kit.ethz.ch/mooc/proposals/view/644",0.359076449803053
"http://qua-kit.ethz.ch/mooc/proposals/view/1078",0.356128478835589
"http://qua-kit.ethz.ch/mooc/proposals/view/704",0.355840711097801
"http://qua-kit.ethz.ch/mooc/proposals/view/1088",0.355664040052009
"http://qua-kit.ethz.ch/mooc/proposals/view/751",0.355237489836858
"http://qua-kit.ethz.ch/mooc/proposals/view/716",0.354512280477507
"http://qua-kit.ethz.ch/mooc/proposals/view/1049",0.353107429867375
"http://qua-kit.ethz.ch/mooc/proposals/view/900",0.352719756313562
"http://qua-kit.ethz.ch/mooc/proposals/view/1105",0.35253445056333
"http://qua-kit.ethz.ch/mooc/proposals/view/696",0.350903172153276
"http://qua-kit.ethz.ch/mooc/proposals/view/1119",0.349479318269429
"http://qua-kit.ethz.ch/mooc/proposals/view/337",0.348196838204281
"http://qua-kit.ethz.ch/mooc/proposals/view/516",0.348093017715355
"http://qua-kit.ethz.ch/mooc/proposals/view/1113",0.348092789286277
"http://qua-kit.ethz.ch/mooc/proposals/view/1120",0.34548110600717
"http://qua-kit.ethz.ch/mooc/proposals/view/117",0.344936144679956
"http://qua-kit.ethz.ch/mooc/proposals/view/914",0.34291891975281
"http://qua-kit.ethz.ch/mooc/proposals/view/776",0.339618715830054
"http://qua-kit.ethz.ch/mooc/proposals/view/536",0.337933325641314
"http://qua-kit.ethz.ch/mooc/proposals/view/98",0.337897575497001
"http://qua-kit.ethz.ch/mooc/proposals/view/1023",0.336036061954757
"http://qua-kit.ethz.ch/mooc/proposals/view/743",0.335412428681615
"http://qua-kit.ethz.ch/mooc/proposals/view/871",0.33425292664751
"http://qua-kit.ethz.ch/mooc/proposals/view/863",0.333933425914834
"http://qua-kit.ethz.ch/mooc/proposals/view/571",0.333315499094682
"http://qua-kit.ethz.ch/mooc/proposals/view/1172",0.33290530967434
"http://qua-kit.ethz.ch/mooc/proposals/view/1083",0.332196889145649
"http://qua-kit.ethz.ch/mooc/proposals/view/939",0.329247216594769
"http://qua-kit.ethz.ch/mooc/proposals/view/1118",0.327867379137229
"http://qua-kit.ethz.ch/mooc/proposals/view/1183",0.327786838296638
"http://qua-kit.ethz.ch/mooc/proposals/view/1169",0.326808943094068
"http://qua-kit.ethz.ch/mooc/proposals/view/511",0.32678403859322
"http://qua-kit.ethz.ch/mooc/proposals/view/25",0.326360874245811
"http://qua-kit.ethz.ch/mooc/proposals/view/159",0.321744317944792
"http://qua-kit.ethz.ch/mooc/proposals/view/1262",0.320675162691017
"http://qua-kit.ethz.ch/mooc/proposals/view/888",0.320518699714461
"http://qua-kit.ethz.ch/mooc/proposals/view/1053",0.319785978353753
"http://qua-kit.ethz.ch/mooc/proposals/view/631",0.319449260425515
"http://qua-kit.ethz.ch/mooc/proposals/view/488",0.319300691498011
"http://qua-kit.ethz.ch/mooc/proposals/view/1148",0.317135955930453
"http://qua-kit.ethz.ch/mooc/proposals/view/1019",0.316577974154576
"http://qua-kit.ethz.ch/mooc/proposals/view/672",0.316263767308596
"http://qua-kit.ethz.ch/mooc/proposals/view/821",0.315989416762312
"http://qua-kit.ethz.ch/mooc/proposals/view/673",0.315792472036728
"http://qua-kit.ethz.ch/mooc/proposals/view/479",0.315368309416608
"http://qua-kit.ethz.ch/mooc/proposals/view/303",0.315225330121878
"http://qua-kit.ethz.ch/mooc/proposals/view/364",0.313413684838421
"http://qua-kit.ethz.ch/mooc/proposals/view/1033",0.312656842846907
"http://qua-kit.ethz.ch/mooc/proposals/view/278",0.312032002131753
"http://qua-kit.ethz.ch/mooc/proposals/view/1159",0.310434364860464
"http://qua-kit.ethz.ch/mooc/proposals/view/532",0.30983179681183
"http://qua-kit.ethz.ch/mooc/proposals/view/24",0.30875295340347
"http://qua-kit.ethz.ch/mooc/proposals/view/546",0.308671732569776
"http://qua-kit.ethz.ch/mooc/proposals/view/484",0.307814618450083
"http://qua-kit.ethz.ch/mooc/proposals/view/372",0.307685760355123
"http://qua-kit.ethz.ch/mooc/proposals/view/570",0.307332982016444
"http://qua-kit.ethz.ch/mooc/proposals/view/1060",0.304085910074968
"http://qua-kit.ethz.ch/mooc/proposals/view/1004",0.303289453930819
"http://qua-kit.ethz.ch/mooc/proposals/view/823",0.302661539726165
"http://qua-kit.ethz.ch/mooc/proposals/view/123",0.300689983685986
"http://qua-kit.ethz.ch/mooc/proposals/view/268",0.300463059936132
"http://qua-kit.ethz.ch/mooc/proposals/view/1048",0.299339867212808
"http://qua-kit.ethz.ch/mooc/proposals/view/1054",0.299263500684343
"http://qua-kit.ethz.ch/mooc/proposals/view/815",0.296837438251573
"http://qua-kit.ethz.ch/mooc/proposals/view/1007",0.296030051632115
"http://qua-kit.ethz.ch/mooc/proposals/view/1109",0.294509487638077
"http://qua-kit.ethz.ch/mooc/proposals/view/515",0.293419798665679
"http://qua-kit.ethz.ch/mooc/proposals/view/617",0.292603038959383
"http://qua-kit.ethz.ch/mooc/proposals/view/17",0.289161956781435
"http://qua-kit.ethz.ch/mooc/proposals/view/906",0.289027419424047
"http://qua-kit.ethz.ch/mooc/proposals/view/485",0.287638277660121
"http://qua-kit.ethz.ch/mooc/proposals/view/1009",0.286484000353043
"http://qua-kit.ethz.ch/mooc/proposals/view/543",0.285917444391303
"http://qua-kit.ethz.ch/mooc/proposals/view/1107",0.284977890024852
"http://qua-kit.ethz.ch/mooc/proposals/view/504",0.278885235018222
"http://qua-kit.ethz.ch/mooc/proposals/view/1028",0.278852939711399
"http://qua-kit.ethz.ch/mooc/proposals/view/1094",0.27793774620106
"http://qua-kit.ethz.ch/mooc/proposals/view/873",0.277899917477399
"http://qua-kit.ethz.ch/mooc/proposals/view/1043",0.276479109953956
"http://qua-kit.ethz.ch/mooc/proposals/view/1114",0.272354216994696
"http://qua-kit.ethz.ch/mooc/proposals/view/56",0.271239569336926
"http://qua-kit.ethz.ch/mooc/proposals/view/1025",0.269820326093188
"http://qua-kit.ethz.ch/mooc/proposals/view/902",0.269353365285309
"http://qua-kit.ethz.ch/mooc/proposals/view/296",0.2692437141252
"http://qua-kit.ethz.ch/mooc/proposals/view/1013",0.266158685795628
"http://qua-kit.ethz.ch/mooc/proposals/view/1031",0.266106661654816
"http://qua-kit.ethz.ch/mooc/proposals/view/913",0.264703949504202
"http://qua-kit.ethz.ch/mooc/proposals/view/10",0.261290316051668
"http://qua-kit.ethz.ch/mooc/proposals/view/317",0.261162517007936
"http://qua-kit.ethz.ch/mooc/proposals/view/223",0.260267163704694
"http://qua-kit.ethz.ch/mooc/proposals/view/354",0.257611901833419
"http://qua-kit.ethz.ch/mooc/proposals/view/470",0.25546755166576
"http://qua-kit.ethz.ch/mooc/proposals/view/1073",0.251617252290216
"http://qua-kit.ethz.ch/mooc/proposals/view/179",0.250795053775858
"http://qua-kit.ethz.ch/mooc/proposals/view/464",0.249969252761172
"http://qua-kit.ethz.ch/mooc/proposals/view/255",0.249058100724354
"http://qua-kit.ethz.ch/mooc/proposals/view/42",0.248458838258175
"http://qua-kit.ethz.ch/mooc/proposals/view/54",0.243406520674414
"http://qua-kit.ethz.ch/mooc/proposals/view/186",0.243039039693935
"http://qua-kit.ethz.ch/mooc/proposals/view/1117",0.242242321886179
"http://qua-kit.ethz.ch/mooc/proposals/view/798",0.240281711742743
"http://qua-kit.ethz.ch/mooc/proposals/view/750",0.239674949191501
"http://qua-kit.ethz.ch/mooc/proposals/view/96",0.239065834537932
"http://qua-kit.ethz.ch/mooc/proposals/view/125",0.238591370691313
"http://qua-kit.ethz.ch/mooc/proposals/view/394",0.238160798859748
"http://qua-kit.ethz.ch/mooc/proposals/view/131",0.237960670709075
"http://qua-kit.ethz.ch/mooc/proposals/view/213",0.237921518984131
"http://qua-kit.ethz.ch/mooc/proposals/view/379",0.237043312866395
"http://qua-kit.ethz.ch/mooc/proposals/view/773",0.235258323702326
"http://qua-kit.ethz.ch/mooc/proposals/view/5",0.234722829890059
"http://qua-kit.ethz.ch/mooc/proposals/view/736",0.233009968867321
"http://qua-kit.ethz.ch/mooc/proposals/view/16",0.229758348936824
"http://qua-kit.ethz.ch/mooc/proposals/view/197",0.226587645665456
"http://qua-kit.ethz.ch/mooc/proposals/view/505",0.226548851004535
"http://qua-kit.ethz.ch/mooc/proposals/view/999",0.225257385154397
"http://qua-kit.ethz.ch/mooc/proposals/view/160",0.223289127959708
"http://qua-kit.ethz.ch/mooc/proposals/view/567",0.221553825928336
"http://qua-kit.ethz.ch/mooc/proposals/view/582",0.220620689207865
"http://qua-kit.ethz.ch/mooc/proposals/view/699",0.218612700890788
"http://qua-kit.ethz.ch/mooc/proposals/view/496",0.212118412180207
"http://qua-kit.ethz.ch/mooc/proposals/view/770",0.209982293548789
"http://qua-kit.ethz.ch/mooc/proposals/view/1213",0.199208545951101
"http://qua-kit.ethz.ch/mooc/proposals/view/297",0.198730857837026
"http://qua-kit.ethz.ch/mooc/proposals/view/583",0.196677485697893
"http://qua-kit.ethz.ch/mooc/proposals/view/336",0.194927610023514
"http://qua-kit.ethz.ch/mooc/proposals/view/607",0.194679558300403
"http://qua-kit.ethz.ch/mooc/proposals/view/188",0.192919193644378
"http://qua-kit.ethz.ch/mooc/proposals/view/803",0.190752813164577
"http://qua-kit.ethz.ch/mooc/proposals/view/656",0.189382852863001
"http://qua-kit.ethz.ch/mooc/proposals/view/700",0.187903834789773
"http://qua-kit.ethz.ch/mooc/proposals/view/1189",0.187069990482989
"http://qua-kit.ethz.ch/mooc/proposals/view/65",0.181460133874444
"http://qua-kit.ethz.ch/mooc/proposals/view/274",0.181027488128532
"http://qua-kit.ethz.ch/mooc/proposals/view/550",0.180867553445928
"http://qua-kit.ethz.ch/mooc/proposals/view/290",0.180304199641771
"http://qua-kit.ethz.ch/mooc/proposals/view/1166",0.178568664586159
"http://qua-kit.ethz.ch/mooc/proposals/view/260",0.176581536618171
"http://qua-kit.ethz.ch/mooc/proposals/view/1137",0.175833600982659
"http://qua-kit.ethz.ch/mooc/proposals/view/1186",0.175712461980704
"http://qua-kit.ethz.ch/mooc/proposals/view/629",0.173187720250892
"http://qua-kit.ethz.ch/mooc/proposals/view/793",0.172906731214628
"http://qua-kit.ethz.ch/mooc/proposals/view/985",0.172506333663058
"http://qua-kit.ethz.ch/mooc/proposals/view/835",0.171946675604857
"http://qua-kit.ethz.ch/mooc/proposals/view/27",0.169949985302919
"http://qua-kit.ethz.ch/mooc/proposals/view/86",0.16873158520691
"http://qua-kit.ethz.ch/mooc/proposals/view/1076",0.168536524483341
"http://qua-kit.ethz.ch/mooc/proposals/view/761",0.168253382517675
"http://qua-kit.ethz.ch/mooc/proposals/view/1187",0.164839451146618
"http://qua-kit.ethz.ch/mooc/proposals/view/30",0.164156684733848
"http://qua-kit.ethz.ch/mooc/proposals/view/522",0.163865100482643
"http://qua-kit.ethz.ch/mooc/proposals/view/812",0.163167839843294
"http://qua-kit.ethz.ch/mooc/proposals/view/187",0.162461334965056
"http://qua-kit.ethz.ch/mooc/proposals/view/966",0.160742956886283
"http://qua-kit.ethz.ch/mooc/proposals/view/350",0.15803182584547
"http://qua-kit.ethz.ch/mooc/proposals/view/46",0.155265113129472
"http://qua-kit.ethz.ch/mooc/proposals/view/1144",0.15505967290006
"http://qua-kit.ethz.ch/mooc/proposals/view/1260",0.149094819037096
"http://qua-kit.ethz.ch/mooc/proposals/view/1001",0.148614677789981
"http://qua-kit.ethz.ch/mooc/proposals/view/289",0.1483096482337
"http://qua-kit.ethz.ch/mooc/proposals/view/218",0.147684917498622
"http://qua-kit.ethz.ch/mooc/proposals/view/469",0.146761527497678
"http://qua-kit.ethz.ch/mooc/proposals/view/929",0.145972622682051
"http://qua-kit.ethz.ch/mooc/proposals/view/283",0.144576860110728
"http://qua-kit.ethz.ch/mooc/proposals/view/653",0.143881030861446
"http://qua-kit.ethz.ch/mooc/proposals/view/662",0.134687588559962
"http://qua-kit.ethz.ch/mooc/proposals/view/609",0.130292810377188
"http://qua-kit.ethz.ch/mooc/proposals/view/1185",0.130204465884243
"http://qua-kit.ethz.ch/mooc/proposals/view/1093",0.127392260129969
"http://qua-kit.ethz.ch/mooc/proposals/view/911",0.121991873199002
"http://qua-kit.ethz.ch/mooc/proposals/view/772",0.119075371462649
"http://qua-kit.ethz.ch/mooc/proposals/view/1061",0.117913785223567
"http://qua-kit.ethz.ch/mooc/proposals/view/1006",0.101829676614869
"http://qua-kit.ethz.ch/mooc/proposals/view/1037",0.0961055173432597
"http://qua-kit.ethz.ch/mooc/proposals/view/348",0.0960884285630965
"http://qua-kit.ethz.ch/mooc/proposals/view/698",0.084023807745614
"http://qua-kit.ethz.ch/mooc/proposals/view/1005",0.0699459972985258
"http://qua-kit.ethz.ch/mooc/proposals/view/2",0
"http://qua-kit.ethz.ch/mooc/proposals/view/1170",0
"http://qua-kit.ethz.ch/mooc/proposals/view/41",0
"http://qua-kit.ethz.ch/mooc/proposals/view/246",0
"http://qua-kit.ethz.ch/mooc/proposals/view/140",0
"http://qua-kit.ethz.ch/mooc/proposals/view/997",0
"http://qua-kit.ethz.ch/mooc/proposals/view/371",0
"http://qua-kit.ethz.ch/mooc/proposals/view/513",0
"http://qua-kit.ethz.ch/mooc/proposals/view/547",0
"http://qua-kit.ethz.ch/mooc/proposals/view/587",0
"http://qua-kit.ethz.ch/mooc/proposals/view/647",0
"http://qua-kit.ethz.ch/mooc/proposals/view/1052",0
"http://qua-kit.ethz.ch/mooc/proposals/view/982",0
